name,avg_traffic,link,email
milania.de,1023,https://milania.de,impressum@blog.milania.de
simonhessner.de,1664,https://simonhessner.de,contact@simonhessner.de
gearsi.de,1116,https://gearsi.de,charlie@gearsi.de
pa-photo.de,6283,https://pa-photo.de,mail@pa-photo.de
tinos-fotoblog.de,4509,https://tinos-fotoblog.de,kontakt@alphaprod.de
fishpepper.de,2225,https://fishpepper.de,info@fishpepper.de
marlenehofmann.de,1633,https://www.marlenehofmann.de,info@marlenehofmann.de
food-lifestyle-facts.de,4756,https://www.food-lifestyle-facts.de,info@food-lifestyle-facts.de
gourmetguerilla.de,9528,https://www.gourmetguerilla.de,hallo@gourmetguerilla.de
jurawiki.de,7127,https://www.jurawiki.de,ralf@zosel.com
strafakte.de,8335,https://www.strafakte.de,
artberlin.de,6354,https://www.artberlin.de,info@artberlin.de
kingkunst.de,1430,https://kingkunst.de,hello@kingkunst.de
kuenstlerstreich.de,1205,https://www.kuenstlerstreich.de,info@kuenstlerstreich.de
wissenschaft-technik-ethik.de,1103,http://www.wissenschaft-technik-ethik.de,Server@www.wissenschaft-technik-ethik.de
nichtnocheinreiseblog.de,1850,https://nichtnocheinreiseblog.de,
todaywetravel.de,1385,https://todaywetravel.de,hello@todaywetravel.de
aktiv-mit-deutsch.de,6813,https://www.aktiv-mit-deutsch.de,info@aktiv-mit-deutsch.de
hersteller-spielfiguren.de,2984,https://hersteller-spielfiguren.de,info@hersteller-spielfiguren.de
paradiesfutter.de,2073,https://www.paradiesfutter.de,hallo@paradiesfutter.de
schwarzwald-informationen.de,8126,https://www.schwarzwald-informationen.de,schwarzwald-inform@ionen.de
weltreise-berlin.de,1029,https://weltreise-berlin.de,worldtripberlin@gmail.com
tobago-live.de,2198,https://www.tobago-live.de,info@tobago-live.de
bareminds.de,4635,https://bareminds.de,elina@bareminds.de
theoriginalcopy.de,2516,https://theoriginalcopy.de,swantje@theoriginalcopy.de
schessy.de,1472,https://www.schessy.de,info@optifaro.com
beautyressort.de,1930,https://beautyressort.de,info@beautyressort.de
foodatacke.de,1410,https://www.foodatacke.de,food@acke.de
der-foodblog.de,4618,https://der-foodblog.de,info@der-foodblog.de
jussilicious-foodblog.de,7064,https://jussilicious-foodblog.de,jussilicious.foodblog@gmail.com
mimisfoodblog.de,3085,https://mimisfoodblog.de,webmaster@mimisfoodblog.de
sconesandberries.de,4421,https://sconesandberries.de,marie@sconesandberries.de
newkitchontheblog.de,5435,https://www.newkitchontheblog.de,christina@newkitchontheblog.de
salzpfefferzucker.de,3948,https://salzpfefferzucker.de,mario_gafke@web.de
lalisagna.de,6674,https://lalisagna.de,rdbms.str@o.de
kevcodez.de,1056,https://kevcodez.de,
davidsalz.de,1270,https://davidsalz.de,me@davidsalz.de
maenner-style.de,1231,https://maenner-style.de,info@maenner-style.de
my-simple-life.de,1236,https://www.my-simple-life.de,info@my-simple-life.de
dreiraumhaus.de,3467,https://dreiraumhaus.de,kontakt@dreiraumhaus.de
prantl.de,2352,https://www.prantl.de,shop@prantl.de
schoenhaesslich.de,6605,https://schoenhaesslich.de,wirsind@schoenhaesslich.de
blick7blog.de,1669,https://www.blick7blog.de,info@blick7.de
alinaspiegel.de,1003,https://alinaspiegel.de,info@alinaspiegel.de
unalife.de,2195,https://unalife.de,kontakt@unalife.de
soultravelista.de,1032,http://soultravelista.de,Nina@soultravelista.de
lifetimefit.de,1748,https://lifetimefit.de,Lyr@hemes.com
hezser.de,1632,https://www.hezser.de,info@hezser.de
ichliebedeko.de,4944,https://www.ichliebedeko.de,blog@ichliebedeko.de
craftifair.de,5980,https://www.craftifair.de,info@craftifair.com
blog.knopfkatz.de,7156,https://blog.knopfkatz.de,knopfk@z.de
freuleinlinka.de,2749,https://freuleinlinka.de,freuleinlinka@gmail.com
hhutzler.de,8300,https://www.hhutzler.de,Helmut.Hutzler@gmail.com
heimgemacht.de,2573,https://heimgemacht.de,info@heimgemacht.de
blog.synnatschke.de,3416,https://blog.synnatschke.de,zer@hotmail.com
dbate.de,2798,https://dbate.de,info@dbate.de
beyondspock.de,1949,http://www.beyondspock.de,
17goalsmagazin.de,3113,https://www.17goalsmagazin.de,redaktion@17goalsmagazin.de
lilaundmint.de,1016,http://lilaundmint.de,kontakt@lilaundmint.de
lykeup.de,7208,https://www.lykeup.de,info@adbites.de
greenshadesofred.de,6457,https://greenshadesofred.de,info@greenshadesofred.de
retrochicks.de,5001,https://www.retrochicks.de,hallo@diebloghuette.de
lunchforone.de,5144,https://www.lunchforone.de,kontakt@lunchforone.de
be-foodie.de,2815,http://be-foodie.de,info@hartmann-partner-design.de
foodieduesseldorf.de,2396,https://www.foodieduesseldorf.de,marina@foodieduesseldorf.de
katrinrembold.de,2061,https://katrinrembold.de,K@RINREMBOLD.DE
kochjunkie.de,1130,https://www.kochjunkie.de,info@kochjunkie.de
testschmecker.de,1944,https://www.testschmecker.de,joachimott@gmx.de
schmecktwohl.de,5412,https://schmecktwohl.de,mail@stefaniehiekmann.de
goodfood-blog.de,5185,https://goodfood-blog.de,kontakt@alexaiwan.de
zartbitter-und-zuckersuess.de,7028,https://zartbitter-und-zuckersuess.de,info@zartbitter-und-zuckersuess.de
pfannenliebling.de,1022,https://pfannenliebling.de,pfannenliebling@gmail.com
awsm.de,1088,https://www.awsm.de,
suedallgaeu.de,5705,https://www.suedallgaeu.de,info@suedallgaeu.de
blog-ueber-fotografie.de,4869,https://www.blog-ueber-fotografie.de,webmaster@blog-ueber-fotografie.de